{"crates":{"fox":[[0.997604548931122,0.0691744834184647,-0.06917448341846,0.997604548931122,442.140045166016,302.023132324219],[0.918272852897644,-0.39594823122025,0.395948231220245,0.918272852897644,38.2028617858887,232.702880859375],[0.999794065952301,0.020292466506362,-0.02029246650636,0.999794065952301,358.796844482422,-12.3222045898438]],"frog":[[0.975842654705048,0.218474626541138,-0.21847462654114,0.975842654705048,610.929321289063,168.280334472656],[0.996124267578125,-0.08795676380396,0.0879567638039589,0.996124267578125,158.141677856445,215.676330566406],[0.0523182339966297,-0.998630464077,0.998630464076996,0.0523182339966297,369.013458251953,85.3875732421875]],"koala":[[0.948785841464996,0.315919995307922,-0.31591999530792,0.948785841464996,574.995849609375,237.623840332031],[0.0753735825419426,-0.99715536832809,0.997155368328094,0.0753735825419426,249.542297363281,190.528625488281]],"lion":[[0.990856409072876,-0.13492058217525,0.134920582175255,0.990856409072876,237.338287353516,0.77069091796875]],"panda":[[0.998540461063385,-0.05400916934013,0.0540091693401337,0.998540461063385,152.405364990234,113.670288085938],[0.992214560508728,0.124540030956268,-0.12454003095627,0.992214560508728,459.541015625,51.5599365234375],[0.998712301254272,-0.05073180794716,0.0507318079471588,0.998712301254272,129.866088867188,12.0399169921875]],"red panda":[[0.915411829948425,-0.40251860022545,0.402518600225449,0.915411829948425,23.3037929534912,139.0986328125]],"reindeer":[[0.990754008293152,0.13567042350769,-0.13567042350769,0.990754008293152,557.794006347656,325.420654296875],[-0.12359398603439,0.992332875728607,-0.99233287572861,-0.12359398603439,329.790435791016,277.36181640625],[0.999989748001099,-0.0045281550847,0.00452815508469939,0.999989748001099,174.987091064453,294.936950683594],[0.97261506319046,0.232421919703484,-0.23242191970348,0.97261506319046,194.006225585938,-82.62451171875]],"sera":[[0.937943518161774,-0.3467880487442,0.346788048744202,0.937943518161774,44.5528984069824,309.720031738281],[0.994789838790894,0.101947173476219,-0.10194717347622,0.994789838790894,443.654357910156,211.480651855469],[-0.18498927354813,0.982740521430969,-0.98274052143097,-0.18498927354813,539.219604492188,124.557800292969],[0.998401463031769,0.0565202422440052,-0.05652024224401,0.998401463031769,328.983520507813,-104.630981445313]],"sloth":[[0.99683803319931,0.0794603824615479,-0.07946038246155,0.99683803319931,443.675659179688,144.272521972656],[0.995957851409912,0.0898215770721436,-0.08982157707214,0.995957851409912,338.145812988281,183.456665039063],[0.990643858909607,-0.13647244870663,0.136472448706627,0.990643858909607,251.816513061523,93.20263671875]],"tiger":[[0.927869081497192,-0.37290617823601,0.372906178236008,0.927869081497192,16.0546531677246,45.4248657226563]]},"version":1}