{"crates":{"fox":[[-0.08165358752012,0.996660768985748,-0.99666076898575,-0.08165358752012,280.500823974609,108.540466308594],[0.997307181358337,0.0733372867107391,-0.07333728671074,0.997307181358337,584.270874023438,142.792419433594],[0.995228052139282,-0.09757631272078,0.0975763127207756,0.995228052139282,72.4409484863281,-0.397216796875]],"frog":[[0.999562621116638,0.0295729395002127,-0.02957293950021,0.999562621116638,379.257110595703,135.750305175781],[0.977035582065582,0.213076338171959,-0.21307633817196,0.977035582065582,343.030944824219,28.277587890625]],"koala":[[0.98831570148468,0.152420684695244,-0.15242068469524,0.98831570148468,324.801666259766,293.931091308594],[0.987638890743256,0.156746298074722,-0.15674629807472,0.987638890743256,443.901977539063,213.66357421875]],"lion":[[0.996838748455048,0.0794513821601868,-0.07945138216019,0.996838748455048,170.998062133789,111.042602539063],[0.999137043952942,0.0415355637669563,-0.04153556376696,0.999137043952942,479.870849609375,-62.9168701171875]],"panda":[[0.994122445583344,-0.10826151818037,0.10826151818037,0.994122445583344,97.8328399658203,215.676940917969],[0.996400713920593,0.0847676694393158,-0.08476766943932,0.996400713920593,448.23779296875,37.204833984375],[0.988500773906708,0.151215851306915,-0.15121585130692,0.988500773906708,185.152206420898,35.4840698242188]],"red panda":[[0.997956097126007,0.0639035925269127,-0.06390359252691,0.997956097126007,434.606323242188,305.026123046875],[0.997715175151825,0.0675604343414307,-0.06756043434143,0.997715175151825,551.826538085938,237.298400878906],[-0.17532286047935,0.984511017799377,-0.98451101779938,-0.17532286047935,359.068267822266,-79.5609130859375]],"reindeer":[[0.994656264781952,0.10324177891016,-0.10324177891016,0.994656264781952,560.325927734375,327.628173828125],[0.999990999698639,-0.00423597544432,0.00423597544431686,0.999990999698639,199.089599609375,295.229736328125],[0.994654834270477,0.10325562953949,-0.10325562953949,0.994654834270477,551.809936523438,52.0304565429688],[0.115053363144398,0.993359327316284,-0.99335932731628,0.115053363144398,57.3924369812012,102.140808105469]],"sera":[[0.228684306144714,-0.97350060939789,0.973500609397888,0.228684306144714,271.25830078125,-71.699462890625]],"sloth":[[0.999987900257111,0.00491572404280305,-0.0049157240428,0.999987900257111,200.967987060547,210.077758789063],[0.999906182289124,0.013697518967092,-0.01369751896709,0.999906182289124,476.031494140625,133.728271484375],[0.993955612182617,0.10978277027607,-0.10978277027607,0.993955612182617,188.873458862305,-63.9862060546875]],"tiger":[[0.9769646525383,-0.21340119838715,0.213401198387146,0.9769646525383,66.6445159912109,305.64453125],[0.999956429004669,0.00933461077511311,-0.00933461077511,0.999956429004669,308.943420410156,212.117553710938]]},"version":1}