{"crates":{"fox":[[0.990964651107788,-0.13412347435951,0.134123474359512,0.990964651107788,203.068939208984,-30.63232421875],[0.983332753181458,-0.1818150728941,0.181815072894096,0.983332753181458,364.476989746094,111.233276367188],[0.997737050056458,0.0672367215156555,-0.06723672151566,0.997737050056458,478.460357666016,202.927429199219],[0.996323466300964,0.0856708660721779,-0.08567086607218,0.996323466300964,602.134094238281,80.0092163085938]],"frog":[[0.951899230480194,-0.3064112663269,0.306411266326904,0.951899230480194,101.891792297363,49.0357055664063],[0.991524636745453,0.129918575286865,-0.12991857528687,0.991524636745453,486.295196533203,119.818725585938],[0.98878014087677,0.149378165602684,-0.14937816560268,0.98878014087677,544.211486816406,-107.35546875]],"koala":[[0.988093614578247,0.153853803873062,-0.15385380387306,0.988093614578247,347.203399658203,296.429870605469],[-0.95889711380005,0.283753991127014,-0.28375399112701,-0.95889711380005,100.84854888916,127.599670410156],[0.999003767967224,0.0446264483034611,-0.04462644830346,0.999003767967224,469.068267822266,14.2141723632813],[0.96758908033371,0.252529889345169,-0.25252988934517,0.96758908033371,609.583129882813,170.834350585938]],"lion":[[0.990095853805542,-0.14039295911789,0.140392959117889,0.990095853805542,211.131774902344,49.245849609375],[0.987355530261993,0.158521398901939,-0.15852139890194,0.987355530261993,596.036865234375,244.02294921875]],"panda":[[0.991475760936737,0.130291372537613,-0.13029137253761,0.991475760936737,456.233856201172,307.370788574219],[0.998396277427673,-0.0566112101078,0.0566112101078033,0.998396277427673,310.632781982422,-59.09326171875]],"red panda":[[0.99898761510849,-0.04498666897416,0.0449866689741611,0.99898761510849,229.925308227539,288.426940917969],[0.997178494930267,0.0750668197870255,-0.07506681978703,0.997178494930267,584.397766113281,-16.6259765625]],"reindeer":[[0.999997615814209,-0.00218309555203,0.00218309555202723,0.999997615814209,261.367736816406,202.112670898438]],"sera":[[0.965824723243713,-0.25919616222382,0.259196162223816,0.965824723243713,103.068946838379,294.925476074219],[-0.95017373561859,0.311720907688141,-0.31172090768814,-0.95017373561859,47.5653533935547,251.514465332031],[0.993427753448486,-0.11446091532707,0.114460915327072,0.993427753448486,241.454391479492,116.633666992188],[0.99237471818924,-0.12325768172741,0.123257681727409,0.99237471818924,424.43212890625,-65.4686279296875],[-0.91724050045013,0.398333787918091,-0.39833378791809,-0.91724050045013,432.605377197266,-137.637573242188]],"sloth":[[0.908402621746063,-0.41809651255608,0.418096512556076,0.908402621746063,147.734878540039,208.091125488281],[0.986946523189545,-0.16104829311371,0.161048293113709,0.986946523189545,366.704620361328,209.100708007813]],"tiger":[[0.995524168014526,0.094507023692131,-0.09450702369213,0.995524168014526,563.611633300781,324.439331054688],[0.986905694007874,-0.16129828989506,0.161298289895058,0.986905694007874,329.266387939453,25.70947265625]]},"version":1}