{"crates":{"fox":[[0.978417754173279,-0.20663653314114,0.206636533141136,0.978417754173279,102.11402130127,106.547485351563],[-0.99985265731812,0.0171642545610666,-0.01716425456107,-0.99985265731812,567.899719238281,231.041381835938],[0.993540644645691,-0.11347703635693,0.113477036356926,0.993540644645691,239.74853515625,-5.6484375]],"frog":[[0.985379278659821,-0.17037516832352,0.170375168323517,0.985379278659821,132.144866943359,299.931518554688],[0.998805403709412,-0.04886515811086,0.048865158110857,0.998805403709412,233.987213134766,-88.7769775390625]],"koala":[[0.0382547751069069,-0.99926799535751,0.999267995357513,0.0382547751069069,228.052307128906,268.2802734375],[0.987827479839325,0.155553460121155,-0.15555346012115,0.987827479839325,567.849853515625,323.333374023438],[0.209360003471375,0.977838635444641,-0.97783863544464,0.209360003471375,18.8838386535645,202.590087890625],[0.988942265510559,0.148301020264626,-0.14830102026463,0.988942265510559,443.095794677734,145.70068359375],[0.99166738986969,-0.12882485985756,0.128824859857559,0.99166738986969,120.106758117676,11.384521484375],[0.964619934558868,0.263644486665726,-0.26364448666573,0.964619934558868,486.514984130859,-94.6015625]],"lion":[[0.996176362037659,0.0873649418354034,-0.0873649418354,0.996176362037659,340.208557128906,293.790100097656],[0.992746770381927,-0.12022432684898,0.120224326848984,0.992746770381927,222.861907958984,75.748291015625],[0.999999523162842,0.000980312004685402,-0.00098031200469,0.999999523162842,559.849609375,140.846008300781]],"panda":[],"red panda":[[0.92302531003952,-0.38473922014236,0.384739220142365,0.92302531003952,26.8032283782959,312.642150878906],[-0.99818879365921,-0.06015925109386,0.0601592510938644,-0.99818879365921,453.339385986328,299.363952636719],[0.989145636558533,-0.14693838357925,0.146938383579254,0.989145636558533,226.146423339844,169.631591796875],[-0.0848381370306,0.996394753456116,-0.99639475345612,-0.0848381370306,331.033203125,115.623962402344]],"reindeer":[[0.999289095401764,0.0377007536590099,-0.03770075365901,0.999289095401764,482.150573730469,66.8612670898438],[0.952805876731873,-0.30358025431633,0.30358025431633,0.952805876731873,119.431976318359,-71.1356201171875]],"sera":[[0.994188964366913,0.107648804783821,-0.10764880478382,0.994188964366913,432.631286621094,213.136169433594],[0.975405693054199,0.220417112112045,-0.22041711211205,0.975405693054199,473.986206054688,-27.291748046875],[0.223723918199539,0.974652528762817,-0.97465252876282,0.223723918199539,1.23367547988892,78.9352416992188]],"sloth":[[-0.12079167366028,0.992677867412567,-0.99267786741257,-0.12079167366028,319.301788330078,208.870483398438],[0.983154892921448,-0.18277427554131,0.182774275541306,0.983154892921448,116.814643859863,202.85498046875],[0.999586820602417,0.0287428330630064,-0.02874283306301,0.999586820602417,585.274353027344,69.4896240234375],[0.981392860412598,0.192010447382927,-0.19201044738293,0.981392860412598,346.398254394531,-57.0394287109375]],"tiger":[[0.991284847259521,0.131735771894455,-0.13173577189445,0.991284847259521,362.402435302734,30.537841796875]]},"version":1}