{"crates":{"fox":[[0.0589662231504917,-0.99825996160507,0.998259961605072,0.0589662231504917,223.760879516602,53.814697265625],[0.999743342399597,-0.02265375852585,0.0226537585258484,0.999743342399597,101.92552947998,148.367126464844],[-0.10145337879658,-0.99484032392502,0.994840323925018,-0.10145337879658,108.39241027832,-39.2802734375],[0.998361766338348,0.057217288762331,-0.05721728876233,0.998361766338348,168.211410522461,-143.613037109375]],"frog":[[0.931442260742188,-0.36388918757439,0.363889187574387,0.931442260742188,-24.9797019958496,120.173645019531],[0.991014957427979,0.133751258254051,-0.13375125825405,0.991014957427979,237.349380493164,337.973876953125]],"koala":[[0.997942626476288,0.0641129016876221,-0.06411290168762,0.997942626476288,103.526802062988,57.5172119140625],[0.974597454071045,0.223963886499405,-0.2239638864994,0.974597454071045,239.343154907227,152.745666503906],[0.96911883354187,0.246594190597534,-0.24659419059753,0.96911883354187,364.226928710938,265.52734375],[-0.97353106737137,0.228554755449295,-0.2285547554493,-0.97353106737137,-95.1971969604492,333.507385253906],[0.901261627674103,-0.43327528238297,0.433275282382965,0.901261627674103,-14.8233833312988,1.92694091796875]],"lion":[[0.987528622150421,0.157439544796944,-0.15743954479694,0.987528622150421,351.355407714844,338.849182128906]],"panda":[[0.983048021793365,0.183348178863525,-0.18334817886353,0.983048021793365,338.20263671875,-11.2083740234375],[0.932222485542297,-0.36188560724258,0.361885607242584,0.932222485542297,-35.9251518249512,224.550842285156]],"red panda":[[0.999998509883881,-0.00171203282662,0.00171203282661736,0.999998509883881,136.55436706543,315.907348632812],[0.998789250850677,-0.04919325560331,0.0491932556033134,0.998789250850677,34.4401092529297,314.309875488281],[0.997449517250061,0.0713751316070557,-0.07137513160706,0.997449517250061,351.968505859375,178.056518554688]],"reindeer":[[0.985665082931519,0.168713748455048,-0.16871374845505,0.985665082931519,233.714050292969,239.803405761719]],"sera":[[-0.91256427764893,0.408933281898499,-0.4089332818985,-0.91256427764893,-133.328399658203,170.758666992188],[0.999714434146881,0.0238969698548317,-0.02389696985483,0.999714434146881,108.854583740234,222.940185546875],[-0.99240958690643,-0.1229766830802,0.122976683080196,-0.99240958690643,282.710968017578,-108.05419921875]],"sloth":[[0.989916503429413,0.141652196645737,-0.14165219664574,0.989916503429413,315.541839599609,80.0538940429688],[0.935660123825073,-0.35290241241455,0.352902412414551,0.935660123825073,-128.914199829102,256.758911132812]],"tiger":[[0.996619701385498,0.0821530446410179,-0.08215304464102,0.996619701385498,225.270736694336,-42.241455078125]]},"version":1}