{"crates":{"fox":[[0.999928295612335,-0.01197322178632,0.0119732217863202,0.999928295612335,104.111389160156,148.587768554688],[0.0649490207433701,-0.99788856506348,0.997888565063477,0.0649490207433701,224.117141723633,53.7347412109375],[-0.08942971378565,-0.99599313735962,0.995993137359619,-0.08942971378565,113.26830291748,-38.9622802734375],[0.994219541549683,0.107366010546684,-0.10736601054668,0.994219541549683,177.340194702148,-141.6669921875]],"frog":[[0.990947425365448,0.134250625967979,-0.13425062596798,0.990947425365448,237.2490234375,337.944396972656],[0.933299660682678,-0.35909846425056,0.359098464250565,0.933299660682678,-24.0637683868408,120.273559570313]],"koala":[[-0.97393023967743,0.22684770822525,-0.22684770822525,-0.97393023967743,-95.0640106201172,333.505737304688],[0.974987626075745,0.222259029746056,-0.22225902974606,0.974987626075745,238.372589111328,152.606750488281],[0.962904214859009,0.269843310117722,-0.26984331011772,0.962904214859009,364.305755615234,264.383178710938],[0.99715268611908,0.0754086598753929,-0.07540865987539,0.99715268611908,106.512100219727,57.7655029296875],[0.901978433132172,-0.43178111314774,0.431781113147736,0.901978433132172,-7.13355731964111,-0.588134765625]],"lion":[[0.984636664390564,0.174615830183029,-0.17461583018303,0.984636664390564,351.754119873047,338.020263671875]],"panda":[[0.9330073595047,-0.35985732078552,0.359857320785522,0.9330073595047,-35.6109848022461,224.643127441406],[0.986864030361176,0.161553204059601,-0.1615532040596,0.986864030361176,335.755340576172,-12.8681030273438]],"red panda":[[0.999991953372955,-0.00400877557695,0.00400877557694912,0.999991953372955,136.823104858398,315.916564941406],[0.998846650123596,-0.04801476374269,0.0480147637426853,0.998846650123596,34.853687286377,314.350341796875],[0.995312809944153,0.0967076793313026,-0.0967076793313,0.995312809944153,353.310913085938,176.557983398438]],"reindeer":[[0.985464692115784,0.169880300760269,-0.16988030076027,0.985464692115784,233.047637939453,239.601196289063]],"sera":[[0.999339699745178,0.0363343730568886,-0.03633437305689,0.999339699745178,109.834777832031,223.335266113281],[-0.91307854652405,0.40778374671936,-0.40778374671936,-0.91307854652405,-132.88493347168,170.626037597656],[0.990343272686005,0.138637065887451,-0.13863706588745,0.990343272686005,315.155548095703,-116.762084960938]],"sloth":[[0.935899615287781,-0.35226687788963,0.352266877889633,0.935899615287781,-128.605590820313,256.61767578125],[0.992917597293854,0.118804983794689,-0.11880498379469,0.992917597293854,314.57177734375,78.7686767578125]],"tiger":[[0.996302366256714,0.0859161391854286,-0.08591613918543,0.996302366256714,226.638534545898,-42.2484130859375]]},"version":1}